signatureID	PROBE	ID_geneid	Name_GeneSymbol	Value_LogDiffExp	Significance_pvalue
LINCSCP_100	NA	16	AARS	1.047	0.200843393802643
LINCSCP_100	NA	23	ABCF1	0.787095	0.0835145935416222
LINCSCP_100	NA	25	ABL1	-2.93377	0.00453052297234535
LINCSCP_100	NA	30	ACAA1	2.82114	0.00199438957497478
LINCSCP_100	NA	39	ACAT2	0.528219	0.183911293745041
LINCSCP_100	NA	47	ACLY	2.30877	0.0498603694140911
LINCSCP_100	NA	102	ADAM10	0.91488	0.113696366548538
LINCSCP_100	NA	128	ADH5	-3.81286	0.29466113448143
LINCSCP_100	NA	142	PARP1	1.5486	0.0171791408210993
LINCSCP_100	NA	154	ADRB2	2.65113	0.00440722098574042
LINCSCP_100	NA	178	AGL	4.85695	0.00137173186521977
LINCSCP_100	NA	207	AKT1	0.644368	0.263591259717941
LINCSCP_100	NA	211	ALAS1	-0.26253	0.411745846271515
LINCSCP_100	NA	226	ALDOA	0.674412	0.114244922995567
LINCSCP_100	NA	230	ALDOC	2.43813	0.00285829952917993
LINCSCP_100	NA	291	SLC25A4	0.781785	0.1160843744874
LINCSCP_100	NA	310	ANXA7	1.94776	0.00820815935730934
LINCSCP_100	NA	323	APBB2	1.59433	0.0120477117598057
LINCSCP_100	NA	329	BIRC2	-2.401	0.0196180902421474
LINCSCP_100	NA	332	BIRC5	0.630733	0.297249853610992
LINCSCP_100	NA	348	APOE	1.14363	0.0449346303939819
LINCSCP_100	NA	351	APP	0.117671	0.834552347660065
LINCSCP_100	NA	355	FAS	3.56958	0.0207359623163939
LINCSCP_100	NA	387	RHOA	2.48692	0.0032149984035641
LINCSCP_100	NA	392	ARHGAP1	1.57571	0.022453723475337
LINCSCP_100	NA	427	ASAH1	2.13068	0.0284471996128559
LINCSCP_100	NA	466	ATF1	2.87675	0.00284075946547091
LINCSCP_100	NA	481	ATP1B1	1.39549	0.0346827208995819
LINCSCP_100	NA	501	ALDH7A1	-1.81849	0.0130241019651294
LINCSCP_100	NA	533	ATP6V0B	2.07864	0.0141254160553217
LINCSCP_100	NA	572	BAD	0.921766	0.0438659973442554
LINCSCP_100	NA	581	BAX	-6.01588	0.0472719483077526
LINCSCP_100	NA	595	CCND1	1.11651	0.0339531041681767
LINCSCP_100	NA	596	BCL2	2.10592	0.0150732072070241
LINCSCP_100	NA	622	BDH1	1.15538	0.0858538523316383
LINCSCP_100	NA	637	BID	-1.33326	0.024010306224227
LINCSCP_100	NA	642	BLMH	0.563546	0.149964779615402
LINCSCP_100	NA	644	BLVRA	0.801128	0.107225574553013
LINCSCP_100	NA	652	BMP4	0.947957	0.0583625435829163
LINCSCP_100	NA	664	BNIP3	2.79137	0.00886712875217199
LINCSCP_100	NA	665	BNIP3L	-2.81217	0.399074584245682
LINCSCP_100	NA	670	BPHL	-1.46768	0.0146048935130239
LINCSCP_100	NA	672	BRCA1	1.54664	0.0117067843675613
LINCSCP_100	NA	695	BTK	-1.78215	0.13148795068264
LINCSCP_100	NA	701	BUB1B	1.00248	0.0760685056447983
LINCSCP_100	NA	727	C5	0.423964	0.212565898895264
LINCSCP_100	NA	780	DDR1	2.94729	0.0294837076216936
LINCSCP_100	NA	808	CALM3	2.08823	0.0152458334341645
LINCSCP_100	NA	813	CALU	0.83512	0.493406295776367
LINCSCP_100	NA	823	CAPN1	2.51075	0.00200097379274666
LINCSCP_100	NA	831	CAST	-5.27869	0.128346666693687
LINCSCP_100	NA	835	CASP2	1.87211	0.0190548971295357
LINCSCP_100	NA	836	CASP3	0.991634	0.0361722894012928
LINCSCP_100	NA	840	CASP7	3.83711	0.186915189027786
LINCSCP_100	NA	843	CASP10	0.2248	0.530876934528351
LINCSCP_100	NA	847	CAT	2.75888	0.0174942314624786
LINCSCP_100	NA	868	CBLB	1.01898	0.0383180491626263
LINCSCP_100	NA	873	CBR1	0.808519	0.0936067178845406
LINCSCP_100	NA	874	CBR3	-3.97955	0.00470157666131854
LINCSCP_100	NA	890	CCNA2	0.889865	0.0563256144523621
LINCSCP_100	NA	891	CCNB1	-4.5139	0.206224516034126
LINCSCP_100	NA	896	CCND3	1.44261	0.105659462511539
LINCSCP_100	NA	899	CCNF	-1.56577	0.230178847908974
LINCSCP_100	NA	902	CCNH	1.93623	0.0586430057883263
LINCSCP_100	NA	949	SCARB1	1.0851	0.0285292528569698
LINCSCP_100	NA	958	CD40	0.00757062	0.982280373573303
LINCSCP_100	NA	960	CD44	-0.97986	0.221124708652496
LINCSCP_100	NA	965	CD58	1.41554	0.0150345796719193
LINCSCP_100	NA	976	ADGRE5	-1.73046	0.160167992115021
LINCSCP_100	NA	983	CDK1	1.20205	0.0338138192892075
LINCSCP_100	NA	991	CDC20	0	1
LINCSCP_100	NA	993	CDC25A	-2.80614	0.157274201512337
LINCSCP_100	NA	994	CDC25B	-0.793171	0.0758781060576439
LINCSCP_100	NA	998	CDC42	-0.209124	0.879846751689911
LINCSCP_100	NA	1001	CDH3	2.66595	0.0129397939890623
LINCSCP_100	NA	1017	CDK2	1.60795	0.0154279926791787
LINCSCP_100	NA	1019	CDK4	-0.890724	0.34278005361557
LINCSCP_100	NA	1021	CDK6	0.89943	0.385341942310333
LINCSCP_100	NA	1022	CDK7	0.22952	0.530685007572174
LINCSCP_100	NA	1026	CDKN1A	0.96896	0.140582785010338
LINCSCP_100	NA	1027	CDKN1B	-4.82704	0.163937643170357
LINCSCP_100	NA	1029	CDKN2A	-0.412413	0.334610372781754
LINCSCP_100	NA	1050	CEBPA	0.154864	0.863581478595734
LINCSCP_100	NA	1052	CEBPD	2.41671	0.0128105487674475
LINCSCP_100	NA	1062	CENPE	-1.76803	0.0133557459339499
LINCSCP_100	NA	1070	CETN3	1.77555	0.0404210798442364
LINCSCP_100	NA	1111	CHEK1	-3.85953	0.0337796099483967
LINCSCP_100	NA	1123	CHN1	0.269057	0.569164335727692
LINCSCP_100	NA	1153	CIRBP	1.45042	0.0158927142620087
LINCSCP_100	NA	1212	CLTB	-9.6776	0.00117626378778368
LINCSCP_100	NA	1213	CLTC	1.54838	0.00981862656772137
LINCSCP_100	NA	1277	COL1A1	0.746458	0.350869238376617
LINCSCP_100	NA	1282	COL4A1	0.53165	0.170141354203224
LINCSCP_100	NA	1385	CREB1	-0.885533	0.0561797432601452
LINCSCP_100	NA	1398	CRK	1.25038	0.322444558143616
LINCSCP_100	NA	1399	CRKL	1.75848	0.00821940135210752
LINCSCP_100	NA	1429	CRYZ	1.86899	0.018047746270895
LINCSCP_100	NA	1445	CSK	0.274907	0.485773682594299
LINCSCP_100	NA	1452	CSNK1A1	1.98668	0.0202866028994322
LINCSCP_100	NA	1454	CSNK1E	-3.18621	0.310268223285675
LINCSCP_100	NA	1459	CSNK2A2	1.26491	0.0156261697411537
LINCSCP_100	NA	1465	CSRP1	-3.57661	0.00401116674765944
LINCSCP_100	NA	1500	CTNND1	0.927002	0.061564426869154
LINCSCP_100	NA	1509	CTSD	0.957202	0.0528046973049641
LINCSCP_100	NA	1514	CTSL	-0.516057	0.195149123668671
LINCSCP_100	NA	1534	CYB561	-1.93251	0.00966925267130136
LINCSCP_100	NA	1605	DAG1	2.94267	0.00179298920556903
LINCSCP_100	NA	1616	DAXX	-2.55887	0.00568913901224732
LINCSCP_100	NA	1633	DCK	-4.88456	0.0152886379510164
LINCSCP_100	NA	1635	DCTD	1.73564	0.0131267355754972
LINCSCP_100	NA	1643	DDB2	0.590354	0.169998586177826
LINCSCP_100	NA	1647	GADD45A	-3.29001	0.209913820028305
LINCSCP_100	NA	1662	DDX10	-2.13884	0.0126730874180794
LINCSCP_100	NA	1666	DECR1	1.909	0.00376744824461639
LINCSCP_100	NA	1676	DFFA	1.34504	0.0222943630069494
LINCSCP_100	NA	1677	DFFB	2.02857	0.0452866703271866
LINCSCP_100	NA	1738	DLD	0.730293	0.137305080890656
LINCSCP_100	NA	1759	DNM1	2.86021	0.0101675353944302
LINCSCP_100	NA	1786	DNMT1	-0.52214	0.499210953712463
LINCSCP_100	NA	1788	DNMT3A	1.27221	0.0771906226873398
LINCSCP_100	NA	1802	DPH2	0.665359	0.208881735801697
LINCSCP_100	NA	1829	DSG2	3.63759	0.00529243471100926
LINCSCP_100	NA	1831	TSC22D3	0.0823083	0.86875182390213
LINCSCP_100	NA	1845	DUSP3	-2.12352	0.0099525535479188
LINCSCP_100	NA	1846	DUSP4	0.102343	0.745046675205231
LINCSCP_100	NA	1848	DUSP6	-6.04577	0.0460201688110828
LINCSCP_100	NA	1861	TOR1A	-7.60506	0.00105293514207006
LINCSCP_100	NA	1870	E2F2	5.36178	0.0923674255609512
LINCSCP_100	NA	1891	ECH1	0.828857	0.420790612697601
LINCSCP_100	NA	1906	EDN1	1.23777	0.034506518393755
LINCSCP_100	NA	1950	EGF	2.02022	0.0184276513755322
LINCSCP_100	NA	1956	EGFR	6.66942	0.00615926925092936
LINCSCP_100	NA	1958	EGR1	0.630236	0.478429347276688
LINCSCP_100	NA	1978	EIF4EBP1	0.585142	0.284295827150345
LINCSCP_100	NA	1981	EIF4G1	1.46383	0.0175723191350698
LINCSCP_100	NA	1983	EIF5	-9.69833	0.000945612147916108
LINCSCP_100	NA	1994	ELAVL1	3.02671	0.0181412566453218
LINCSCP_100	NA	2017	CTTN	-1.85971	0.0181141868233681
LINCSCP_100	NA	2037	EPB41L2	0.103661	0.796303331851959
LINCSCP_100	NA	2042	EPHA3	0.278813	0.638560950756073
LINCSCP_100	NA	2048	EPHB2	3.72401	0.00744842737913132
LINCSCP_100	NA	2058	EPRS	0.00977103	0.974087715148926
LINCSCP_100	NA	2063	NR2F6	0.456433	0.259790658950806
LINCSCP_100	NA	2064	ERBB2	0.220145	0.816322267055511
LINCSCP_100	NA	2065	ERBB3	0.243212	0.452641218900681
LINCSCP_100	NA	2109	ETFB	0.384689	0.70316344499588
LINCSCP_100	NA	2113	ETS1	1.06763	0.0535044483840466
LINCSCP_100	NA	2115	ETV1	0.237333	0.499231427907944
LINCSCP_100	NA	2131	EXT1	-5.85325	0.00104946759529412
LINCSCP_100	NA	2146	EZH2	-0.0226512	0.969177544116974
LINCSCP_100	NA	2184	FAH	1.71777	0.00841735862195492
LINCSCP_100	NA	2185	PTK2B	1.69345	0.0190228372812271
LINCSCP_100	NA	2195	FAT1	1.24015	0.0244844406843185
LINCSCP_100	NA	2222	FDFT1	0.752157	0.11910604685545
LINCSCP_100	NA	2263	FGFR2	-0.175307	0.626370787620544
LINCSCP_100	NA	2264	FGFR4	-0.521947	0.461350947618484
LINCSCP_100	NA	2274	FHL2	0.812037	0.105416990816593
LINCSCP_100	NA	2288	FKBP4	-1.03498	0.0512090139091015
LINCSCP_100	NA	2309	FOXO3	2.3098	0.00206472049467266
LINCSCP_100	NA	2353	FOS	-1.12484	0.0291960462927818
LINCSCP_100	NA	2356	FPGS	-1.9836	0.0423405952751637
LINCSCP_100	NA	2523	FUT1	1.64718	0.0113801965489984
LINCSCP_100	NA	2534	FYN	2.01924	0.0058954400010407
LINCSCP_100	NA	2542	SLC37A4	0.636143	0.718175053596497
LINCSCP_100	NA	2548	GAA	1.68438	0.00679083727300167
LINCSCP_100	NA	2553	GABPB1	0.627324	0.100117616355419
LINCSCP_100	NA	2582	GALE	0.895752	0.0671786591410637
LINCSCP_100	NA	2597	GAPDH	-0.182085	0.577420651912689
LINCSCP_100	NA	2624	GATA2	2.40679	0.00723952054977417
LINCSCP_100	NA	2625	GATA3	1.83777	0.0115770325064659
LINCSCP_100	NA	2673	GFPT1	1.40656	0.0212394446134567
LINCSCP_100	NA	2690	GHR	-0.270802	0.712878406047821
LINCSCP_100	NA	2736	GLI2	-0.464715	0.183036923408508
LINCSCP_100	NA	2745	GLRX	0.639268	0.10498946160078
LINCSCP_100	NA	2767	GNA11	-2.25416	0.0060418420471251
LINCSCP_100	NA	2769	GNA15	-1.4029	0.0352533049881458
LINCSCP_100	NA	2770	GNAI1	3.04095	0.165094390511513
LINCSCP_100	NA	2771	GNAI2	2.81989	0.0120663596317172
LINCSCP_100	NA	2778	GNAS	0.496445	0.164834544062614
LINCSCP_100	NA	2810	SFN	3.95501	0.00385925080627203
LINCSCP_100	NA	2817	GPC1	1.6227	0.0158009994775057
LINCSCP_100	NA	2852	GPER1	1.50584	0.0422200486063957
LINCSCP_100	NA	2886	GRB7	-1.79855	0.00711283925920725
LINCSCP_100	NA	2887	GRB10	3.0897	0.00851864367723465
LINCSCP_100	NA	2896	GRN	-1.68311	0.0103314155712724
LINCSCP_100	NA	2908	NR3C1	5.3182	0.05189398676157
LINCSCP_100	NA	2920	CXCL2	4.39709	0.0296671818941832
LINCSCP_100	NA	2946	GSTM2	1.22948	0.0171056315302849
LINCSCP_100	NA	2954	GSTZ1	-1.98951	0.016628434881568
LINCSCP_100	NA	2956	MSH6	1.00155	0.028522590175271
LINCSCP_100	NA	2958	GTF2A2	1.92915	0.0628711730241776
LINCSCP_100	NA	2961	GTF2E2	0.867227	0.104261487722397
LINCSCP_100	NA	3028	HSD17B10	2.61819	0.00141140667255968
LINCSCP_100	NA	3033	HADH	1.75546	0.0290622357279062
LINCSCP_100	NA	3066	HDAC2	2.37847	0.0195921342819929
LINCSCP_100	NA	3091	HIF1A	0.323152	0.389751017093658
LINCSCP_100	NA	3098	HK1	-1.99164	0.418294906616211
LINCSCP_100	NA	3108	HLA-DMA	3.14672	0.0058726160787046
LINCSCP_100	NA	3122	HLA-DRA	0.81992	0.217781886458397
LINCSCP_100	NA	3156	HMGCR	1.58013	0.0157867074012756
LINCSCP_100	NA	3157	HMGCS1	-2.37679	0.313168615102768
LINCSCP_100	NA	3162	HMOX1	1.56774	0.0112184509634972
LINCSCP_100	NA	3202	HOXA5	-2.08984	0.00517442496493459
LINCSCP_100	NA	3206	HOXA10	-0.387656	0.682139337062836
LINCSCP_100	NA	3251	HPRT1	-2.93017	0.00138015672564507
LINCSCP_100	NA	3280	HES1	1.97998	0.0191623345017433
LINCSCP_100	NA	3300	DNAJB2	0.154612	0.793603479862213
LINCSCP_100	NA	3303	HSPA1A	0.608685	0.307064682245255
LINCSCP_100	NA	3308	HSPA4	1.20536	0.0588315315544605
LINCSCP_100	NA	3312	HSPA8	-1.30288	0.0390710793435574
LINCSCP_100	NA	3315	HSPB1	0.567541	0.248047217726707
LINCSCP_100	NA	3329	HSPD1	1.69508	0.00728502683341503
LINCSCP_100	NA	3337	DNAJB1	0.593959	0.109521672129631
LINCSCP_100	NA	3383	ICAM1	0.141784	0.642131090164185
LINCSCP_100	NA	3385	ICAM3	3.45904	0.0023642152082175
LINCSCP_100	NA	3398	ID2	0.931315	0.0792890191078186
LINCSCP_100	NA	3416	IDE	2.60067	0.00668895756825805
LINCSCP_100	NA	3454	IFNAR1	0.71749	0.116968221962452
LINCSCP_100	NA	3480	IGF1R	0.573611	0.317131727933884
LINCSCP_100	NA	3482	IGF2R	0.70682	0.0889453813433647
LINCSCP_100	NA	3486	IGFBP3	1.1526	0.032936092466116
LINCSCP_100	NA	3508	IGHMBP2	1.56303	0.101056545972824
LINCSCP_100	NA	3551	IKBKB	3.62709	0.0139573719352484
LINCSCP_100	NA	3553	IL1B	-0.755421	0.0736574456095695
LINCSCP_100	NA	3566	IL4R	1.53453	0.0142100844532251
LINCSCP_100	NA	3597	IL13RA1	1.9454	0.00424263486638665
LINCSCP_100	NA	3611	ILK	0.980334	0.0316325090825558
LINCSCP_100	NA	3628	INPP1	1.44593	0.00943363644182682
LINCSCP_100	NA	3638	INSIG1	-1.75242	0.15862400829792
LINCSCP_100	NA	3682	ITGAE	0.614544	0.175600782036781
LINCSCP_100	NA	3693	ITGB5	1.26576	0.0159008745104074
LINCSCP_100	NA	3725	JUN	1.79536	0.0259663201868534
LINCSCP_100	NA	3775	KCNK1	2.71849	0.00465988414362073
LINCSCP_100	NA	3800	KIF5C	2.31837	0.00354546098969877
LINCSCP_100	NA	3815	KIT	-3.4462	0.00241729314438999
LINCSCP_100	NA	3895	KTN1	1.54534	0.0199193451553583
LINCSCP_100	NA	3909	LAMA3	6.53039	0.0309940055012703
LINCSCP_100	NA	3925	STMN1	1.78187	0.0107617173343897
LINCSCP_100	NA	3930	LBR	1.02294	0.114772565662861
LINCSCP_100	NA	3964	LGALS8	1.83975	0.00880479253828526
LINCSCP_100	NA	3978	LIG1	1.07055	0.0311413947492838
LINCSCP_100	NA	3988	LIPA	2.4229	0.007582176476717
LINCSCP_100	NA	4016	LOXL1	-0.966962	0.0434788949787617
LINCSCP_100	NA	4043	LRPAP1	1.78743	0.0938123092055321
LINCSCP_100	NA	4067	LYN	1.94724	0.04995222017169
LINCSCP_100	NA	4088	SMAD3	-1.66297	0.0202085487544537
LINCSCP_100	NA	4125	MAN2B1	2.20206	0.0199632812291384
LINCSCP_100	NA	4144	MAT2A	1.35038	0.0473730452358723
LINCSCP_100	NA	4154	MBNL1	0.466054	0.210777685046196
LINCSCP_100	NA	4172	MCM3	1.56518	0.0206920150667429
LINCSCP_100	NA	4200	ME2	-0.357383	0.795275866985321
LINCSCP_100	NA	4208	MEF2C	3.80361	0.00288284383714199
LINCSCP_100	NA	4216	MAP3K4	2.48129	0.00430192844942212
LINCSCP_100	NA	4232	MEST	1.01281	0.0610531345009804
LINCSCP_100	NA	4282	MIF	-1.66134	0.217654392123222
LINCSCP_100	NA	4303	FOXO4	1.63183	0.0109806749969721
LINCSCP_100	NA	4312	MMP1	4.51453	0.0711731687188148
LINCSCP_100	NA	4313	MMP2	0.91734	0.139877796173096
LINCSCP_100	NA	4331	MNAT1	-1.77699	0.00920546427369118
LINCSCP_100	NA	4482	MSRA	-1.93191	0.0183062292635441
LINCSCP_100	NA	4582	MUC1	2.36404	0.0348530970513821
LINCSCP_100	NA	4605	MYBL2	1.95296	0.0332711301743984
LINCSCP_100	NA	4609	MYC	1.13656	0.0644650086760521
LINCSCP_100	NA	4616	GADD45B	-1.47201	0.0349793508648872
LINCSCP_100	NA	4638	MYLK	3.73085	0.00444506527855992
LINCSCP_100	NA	4651	MYO10	2.21581	0.00947199389338493
LINCSCP_100	NA	4690	NCK1	-1.0075	0.111589454114437
LINCSCP_100	NA	4775	NFATC3	0.544023	0.544920384883881
LINCSCP_100	NA	4776	NFATC4	-0.46527	0.360932171344757
LINCSCP_100	NA	4780	NFE2L2	1.87103	0.0198673978447914
LINCSCP_100	NA	4783	NFIL3	-0.1805	0.846620082855225
LINCSCP_100	NA	4791	NFKB2	-0.82512	0.0922148898243904
LINCSCP_100	NA	4792	NFKBIA	1.67894	0.00948878843337297
LINCSCP_100	NA	4793	NFKBIB	2.60241	0.0150165781378746
LINCSCP_100	NA	4794	NFKBIE	0.159681	0.905729711055756
LINCSCP_100	NA	4817	NIT1	0.615825	0.120533272624016
LINCSCP_100	NA	4836	NMT1	1.66326	0.00870382133871317
LINCSCP_100	NA	4846	NOS3	2.36616	0.143581077456474
LINCSCP_100	NA	4850	CNOT4	3.50045	0.010356173850596
LINCSCP_100	NA	4851	NOTCH1	0.536839	0.209067836403847
LINCSCP_100	NA	4860	PNP	1.93919	0.00499264756217599
LINCSCP_100	NA	4864	NPC1	1.91492	0.0532467216253281
LINCSCP_100	NA	4891	SLC11A2	4.16293	0.00126158643979579
LINCSCP_100	NA	4893	NRAS	1.62138	0.0231907665729523
LINCSCP_100	NA	4925	NUCB2	3.16205	0.00265838787890971
LINCSCP_100	NA	4927	NUP88	0.307522	0.356318324804306
LINCSCP_100	NA	4931	NVL	-0.0316324	0.919570863246918
LINCSCP_100	NA	4998	ORC1	-3.34917	0.00393316894769669
LINCSCP_100	NA	5018	OXA1L	-1.00652	0.568115293979645
LINCSCP_100	NA	5019	OXCT1	1.76315	0.0102653987705708
LINCSCP_100	NA	5048	PAFAH1B1	1.05936	0.0516438782215118
LINCSCP_100	NA	5050	PAFAH1B3	2.69964	0.00587207451462746
LINCSCP_100	NA	5054	SERPINE1	0.404045	0.300486832857132
LINCSCP_100	NA	5058	PAK1	1.80279	0.0129772527143359
LINCSCP_100	NA	5092	PCBD1	2.08366	0.00949890166521072
LINCSCP_100	NA	5096	PCCB	-5.40625	0.100823111832142
LINCSCP_100	NA	5106	PCK2	0.977326	0.0620236173272133
LINCSCP_100	NA	5108	PCM1	2.98049	0.00844689644873142
LINCSCP_100	NA	5110	PCMT1	0.858512	0.0477256216108799
LINCSCP_100	NA	5111	PCNA	1.62001	0.013654375448823
LINCSCP_100	NA	5154	PDGFA	-2.98142	0.00306246895343065
LINCSCP_100	NA	5211	PFKL	2.39093	0.00555283715948462
LINCSCP_100	NA	5223	PGAM1	0.611727	0.301080763339996
LINCSCP_100	NA	5236	PGM1	1.65137	0.00678662117570639
LINCSCP_100	NA	5255	PHKA1	-1.14129	0.0771570727229118
LINCSCP_100	NA	5257	PHKB	3.97069	0.00185037590563297
LINCSCP_100	NA	5261	PHKG2	2.65076	0.00730284349992871
LINCSCP_100	NA	5287	PIK3C2B	-0.356231	0.288652390241623
LINCSCP_100	NA	5289	PIK3C3	2.80315	0.00571135990321636
LINCSCP_100	NA	5290	PIK3CA	0.493739	0.255289494991302
LINCSCP_100	NA	5300	PIN1	1.69191	0.0171874091029167
LINCSCP_100	NA	5321	PLA2G4A	0.205769	0.564962029457092
LINCSCP_100	NA	5331	PLCB3	1.93457	0.00728177279233932
LINCSCP_100	NA	5347	PLK1	0.684504	0.157323613762856
LINCSCP_100	NA	5355	PLP2	1.55659	0.00985370762646198
LINCSCP_100	NA	5357	PLS1	2.67667	0.00638529378920794
LINCSCP_100	NA	5359	PLSCR1	2.7184	0.0230157449841499
LINCSCP_100	NA	5366	PMAIP1	1.8101	0.0137969413772225
LINCSCP_100	NA	5373	PMM2	-8.36759	0.0016015226719901
LINCSCP_100	NA	5423	POLB	2.93011	0.00356059358455241
LINCSCP_100	NA	5427	POLE2	-2.24394	0.0053103081882
LINCSCP_100	NA	5438	POLR2I	0.573345	0.172529712319374
LINCSCP_100	NA	5440	POLR2K	2.7444	0.00813006330281496
LINCSCP_100	NA	5467	PPARD	-0.475164	0.430162727832794
LINCSCP_100	NA	5468	PPARG	1.04033	0.106484703719616
LINCSCP_100	NA	5480	PPIC	-2.25265	0.00481142662465572
LINCSCP_100	NA	5498	PPOX	-2.10719	0.017386743798852
LINCSCP_100	NA	5525	PPP2R5A	1.21913	0.0309643875807524
LINCSCP_100	NA	5529	PPP2R5E	1.34015	0.0425542779266834
LINCSCP_100	NA	5547	PRCP	-3.50826	0.374549686908722
LINCSCP_100	NA	5566	PRKACA	1.03529	0.0396316312253475
LINCSCP_100	NA	5580	PRKCD	1.91336	0.0129845170304179
LINCSCP_100	NA	5583	PRKCH	2.61799	0.0162197966128588
LINCSCP_100	NA	5588	PRKCQ	1.89474	0.0078457361087203
LINCSCP_100	NA	5601	MAPK9	0.409542	0.456689804792404
LINCSCP_100	NA	5603	MAPK13	3.60552	0.00133980787359178
LINCSCP_100	NA	5607	MAP2K5	2.61389	0.0136869493871927
LINCSCP_100	NA	5613	PRKX	1.08768	0.0606261119246483
LINCSCP_100	NA	5627	PROS1	2.89691	0.00412705121561885
LINCSCP_100	NA	5641	LGMN	1.74036	0.0113957626745105
LINCSCP_100	NA	5654	HTRA1	2.01616	0.012590522877872
LINCSCP_100	NA	5696	PSMB8	1.13631	0.0227445345371962
LINCSCP_100	NA	5699	PSMB10	1.99218	0.0128179397433996
LINCSCP_100	NA	5708	PSMD2	1.20985	0.0164645090699196
LINCSCP_100	NA	5710	PSMD4	0.84757	0.110139638185501
LINCSCP_100	NA	5715	PSMD9	1.48366	0.0124516077339649
LINCSCP_100	NA	5716	PSMD10	-1.74153	0.0111373169347644
LINCSCP_100	NA	5720	PSME1	-1.75541	0.305711418390274
LINCSCP_100	NA	5721	PSME2	1.91716	0.00657811015844345
LINCSCP_100	NA	5743	PTGS2	0.397335	0.249598488211632
LINCSCP_100	NA	5747	PTK2	-2.17802	0.0158336721360683
LINCSCP_100	NA	5770	PTPN1	2.24776	0.00919631496071815
LINCSCP_100	NA	5777	PTPN6	-0.962681	0.0387836545705795
LINCSCP_100	NA	5782	PTPN12	1.51711	0.0105886282399297
LINCSCP_100	NA	5788	PTPRC	1.04304	0.0334127396345139
LINCSCP_100	NA	5792	PTPRF	1.03956	0.028294563293457
LINCSCP_100	NA	5796	PTPRK	-1.10296	0.0438146702945232
LINCSCP_100	NA	5827	PXMP2	0.70322	0.117110967636108
LINCSCP_100	NA	5829	PXN	0.263664	0.611983001232147
LINCSCP_100	NA	5831	PYCR1	1.08107	0.028004476800561
LINCSCP_100	NA	5836	PYGL	1.14	0.0391750857234001
LINCSCP_100	NA	5867	RAB4A	0.232358	0.762714266777039
LINCSCP_100	NA	5873	RAB27A	1.37124	0.157882437109947
LINCSCP_100	NA	5880	RAC2	-1.06496	0.0441005565226078
LINCSCP_100	NA	5883	RAD9A	1.97683	0.00623234221711755
LINCSCP_100	NA	5889	RAD51C	-2.029	0.428742915391922
LINCSCP_100	NA	5891	MOK	1.66269	0.0057746060192585
LINCSCP_100	NA	5898	RALA	2.01922	0.00961468927562237
LINCSCP_100	NA	5899	RALB	1.6483	0.0192245468497276
LINCSCP_100	NA	5900	RALGDS	-2.60347	0.00584233133122325
LINCSCP_100	NA	5909	RAP1GAP	3.22126	0.0072400732897222
LINCSCP_100	NA	5921	RASA1	1.77393	0.00655023800209165
LINCSCP_100	NA	5925	RB1	1.78737	0.0389071740210056
LINCSCP_100	NA	5927	KDM5A	6.11772	0.0495642870664597
LINCSCP_100	NA	5971	RELB	2.47841	0.00567005202174187
LINCSCP_100	NA	5982	RFC2	-4.98579	0.144960626959801
LINCSCP_100	NA	5985	RFC5	0.263918	0.54365336894989
LINCSCP_100	NA	5986	RFNG	-2.36766	0.00594511814415455
LINCSCP_100	NA	5993	RFX5	-10	1.12298112071585e-05
LINCSCP_100	NA	5997	RGS2	-4.77551	0.0198138151317835
LINCSCP_100	NA	6009	RHEB	1.39987	0.031155614182353
LINCSCP_100	NA	6050	RNH1	1.24004	0.032044492661953
LINCSCP_100	NA	6117	RPA1	-0.848178	0.128320813179016
LINCSCP_100	NA	6118	RPA2	1.02466	0.0520991273224354
LINCSCP_100	NA	6119	RPA3	1.09187	0.0250756237655878
LINCSCP_100	NA	6182	MRPL12	-0.59298	0.195565447211266
LINCSCP_100	NA	6184	RPN1	1.03355	0.0256984941661358
LINCSCP_100	NA	6193	RPS5	-2.11742	0.00761342700570822
LINCSCP_100	NA	6194	RPS6	0.000329146	0.999122679233551
LINCSCP_100	NA	6195	RPS6KA1	-2.00684	0.272705316543579
LINCSCP_100	NA	6251	RSU1	2.83343	0.00599803123623133
LINCSCP_100	NA	6253	RTN2	-4.38245	0.00473316665738821
LINCSCP_100	NA	6275	S100A4	1.09128	0.398406624794006
LINCSCP_100	NA	6284	S100A13	0.191395	0.558057606220245
LINCSCP_100	NA	6304	SATB1	3.52188	0.0316884703934193
LINCSCP_100	NA	6342	SCP2	2.85651	0.00631776312366128
LINCSCP_100	NA	6347	CCL2	2.30849	0.0118684750050306
LINCSCP_100	NA	6390	SDHB	-0.243162	0.445338308811188
LINCSCP_100	NA	6443	SGCB	-1.45634	0.00948771275579929
LINCSCP_100	NA	6461	SHB	-1.65665	0.00820580590516329
LINCSCP_100	NA	6464	SHC1	0.593048	0.181878134608269
LINCSCP_100	NA	6499	SKIV2L	1.72167	0.0124257495626807
LINCSCP_100	NA	6500	SKP1	1.35592	0.0240741595625877
LINCSCP_100	NA	6509	SLC1A4	2.3958	0.0222489908337593
LINCSCP_100	NA	6597	SMARCA4	0.883846	0.111622095108032
LINCSCP_100	NA	6599	SMARCC1	0.501051	0.161331251263618
LINCSCP_100	NA	6603	SMARCD2	2.34116	0.0664858818054199
LINCSCP_100	NA	6616	SNAP25	1.81768	0.0600797235965729
LINCSCP_100	NA	6622	SNCA	-5.80763	0.00527630234137177
LINCSCP_100	NA	6657	SOX2	3.74127	0.0493787191808224
LINCSCP_100	NA	6659	SOX4	0.814896	0.0551115013659
LINCSCP_100	NA	6676	SPAG4	3.43046	0.0146332383155823
LINCSCP_100	NA	6696	SPP1	1.79582	0.0121548548340797
LINCSCP_100	NA	6697	SPR	-3.71688	0.311432927846909
LINCSCP_100	NA	6709	SPTAN1	2.23856	0.019197640940547
LINCSCP_100	NA	6714	SRC	3.63415	0.00179961731191725
LINCSCP_100	NA	6772	STAT1	-0.167814	0.895304441452026
LINCSCP_100	NA	6774	STAT3	0.704798	0.108840644359589
LINCSCP_100	NA	6777	STAT5B	-0.0290924	0.926148355007172
LINCSCP_100	NA	6790	AURKA	2.21085	0.0149566037580371
LINCSCP_100	NA	6793	STK10	2.67454	0.0119604328647256
LINCSCP_100	NA	6804	STX1A	1.19604	0.0310213938355446
LINCSCP_100	NA	6810	STX4	0.839219	0.0471819378435612
LINCSCP_100	NA	6812	STXBP1	1.64342	0.0482262298464775
LINCSCP_100	NA	6813	STXBP2	0.331907	0.434966593980789
LINCSCP_100	NA	6832	SUPV3L1	-4.90234	0.154885694384575
LINCSCP_100	NA	6839	SUV39H1	6.35966	0.00266537116840482
LINCSCP_100	NA	6850	SYK	0.243739	0.719725549221039
LINCSCP_100	NA	6856	SYPL1	1.11516	0.0373668745160103
LINCSCP_100	NA	6894	TARBP1	-3.94756	0.297814935445786
LINCSCP_100	NA	6908	TBP	5.65023	0.0679396912455559
LINCSCP_100	NA	6909	TBX2	2.80984	0.0131953600794077
LINCSCP_100	NA	6915	TBXA2R	1.57752	0.0501163899898529
LINCSCP_100	NA	6919	TCEA2	1.17521	0.0985071435570717
LINCSCP_100	NA	6944	VPS72	2.11828	0.00878015160560608
LINCSCP_100	NA	6988	TCTA	0.112464	0.811865985393524
LINCSCP_100	NA	6990	DYNLT3	-1.72708	0.00848217308521271
LINCSCP_100	NA	7015	TERT	2.52251	0.0181395579129457
LINCSCP_100	NA	7016	TESK1	1.1694	0.0817085281014442
LINCSCP_100	NA	7020	TFAP2A	1.6242	0.0198888275772333
LINCSCP_100	NA	7027	TFDP1	1.43178	0.0128579484298825
LINCSCP_100	NA	7043	TGFB3	-0.603745	0.13388466835022
LINCSCP_100	NA	7048	TGFBR2	3.0743	0.006575848441571
LINCSCP_100	NA	7074	TIAM1	1.95041	0.200656920671463
LINCSCP_100	NA	7077	TIMP2	2.44848	0.00531099922955036
LINCSCP_100	NA	7082	TJP1	1.75784	0.0110448012128472
LINCSCP_100	NA	7088	TLE1	-3.19599	0.260247260332108
LINCSCP_100	NA	7099	TLR4	1.62528	0.0121579663828015
LINCSCP_100	NA	7105	TSPAN6	3.78525	0.0340767949819565
LINCSCP_100	NA	7106	TSPAN4	0.0908434	0.781872153282166
LINCSCP_100	NA	7153	TOP2A	0.037531	0.95881575345993
LINCSCP_100	NA	7157	TP53	0.881881	0.0584881827235222
LINCSCP_100	NA	7158	TP53BP1	1.45553	0.0188826937228441
LINCSCP_100	NA	7159	TP53BP2	-4.38125	0.226522356271744
LINCSCP_100	NA	7165	TPD52L2	-1.99678	0.0321619063615799
LINCSCP_100	NA	7168	TPM1	1.02413	0.0451298765838146
LINCSCP_100	NA	7264	TSTA3	2.11512	0.0059609399177134
LINCSCP_100	NA	7296	TXNRD1	-0.716526	0.200390726327896
LINCSCP_100	NA	7319	UBE2A	2.26979	0.0640709698200226
LINCSCP_100	NA	7358	UGDH	-0.194871	0.762123703956604
LINCSCP_100	NA	7376	NR1H2	0.284515	0.746419548988342
LINCSCP_100	NA	7398	USP1	1.40971	0.0261456649750471
LINCSCP_100	NA	7416	VDAC1	-2.78618	0.373159140348434
LINCSCP_100	NA	7466	WFS1	-0.858269	0.171626374125481
LINCSCP_100	NA	7485	WRB	0.682106	0.133037015795708
LINCSCP_100	NA	7494	XBP1	1.39361	0.019207363948226
LINCSCP_100	NA	7511	XPNPEP1	-2.64599	0.0126707293093204
LINCSCP_100	NA	7538	ZFP36	1.42336	0.0218607671558857
LINCSCP_100	NA	7690	ZNF131	-1.68836	0.0228010509163141
LINCSCP_100	NA	7750	ZMYM2	0.309312	0.389250010251999
LINCSCP_100	NA	7849	PAX8	-0.32718	0.352445006370544
LINCSCP_100	NA	7852	CXCR4	2.56508	0.0176676381379366
LINCSCP_100	NA	7866	IFRD2	0.48917	0.167841553688049
LINCSCP_100	NA	7867	MAPKAPK3	-1.65578	0.00911728944629431
LINCSCP_100	NA	7874	USP7	3.26037	0.0016081192297861
LINCSCP_100	NA	7905	REEP5	-3.97449	0.291037768125534
LINCSCP_100	NA	7982	ST7	1.26588	0.151963129639626
LINCSCP_100	NA	7994	KAT6A	1.57625	0.0447138026356697
LINCSCP_100	NA	8050	PDHX	1.53061	0.0485015623271465
LINCSCP_100	NA	8061	FOSL1	0.346458	0.444410741329193
LINCSCP_100	NA	8091	HMGA2	2.11215	0.00345424958504736
LINCSCP_100	NA	8202	NCOA3	2.00523	0.0169363766908646
LINCSCP_100	NA	8204	NRIP1	-7.1253	0.0122519535943866
LINCSCP_100	NA	8243	SMC1A	-4.01316	0.00109728495590389
LINCSCP_100	NA	8270	LAGE3	-1.38128	0.0233158618211746
LINCSCP_100	NA	8312	AXIN1	2.41116	0.00307275401428342
LINCSCP_100	NA	8318	CDC45	1.95028	0.00402070162817836
LINCSCP_100	NA	8321	FZD1	1.13509	0.052314966917038
LINCSCP_100	NA	8324	FZD7	1.99476	0.00708975503221154
LINCSCP_100	NA	8349	HIST2H2BE	1.10885	0.228224113583565
LINCSCP_100	NA	8396	PIP4K2B	1.80679	0.1005804464221
LINCSCP_100	NA	8440	NCK2	1.76642	0.0117550771683455
LINCSCP_100	NA	8444	DYRK3	1.11083	0.03555553779006
LINCSCP_100	NA	8446	DUSP11	0.909778	0.0536440052092075
LINCSCP_100	NA	8480	RAE1	2.15845	0.0114260045811534
LINCSCP_100	NA	8503	PIK3R3	0.418644	0.642508149147034
LINCSCP_100	NA	8508	NIPSNAP1	2.01946	0.00520112551748753
LINCSCP_100	NA	8518	IKBKAP	0.875601	0.059616819024086
LINCSCP_100	NA	8520	HAT1	-4.16326	0.260594934225082
LINCSCP_100	NA	8550	MAPKAPK5	-0.785361	0.3641577064991
LINCSCP_100	NA	8553	BHLHE40	3.50537	0.0127376643940806
LINCSCP_100	NA	8569	MKNK1	-2.10644	0.00758370198309422
LINCSCP_100	NA	8573	CASK	-1.08506	0.185643538832664
LINCSCP_100	NA	8574	AKR7A2	0.849319	0.0471221171319485
LINCSCP_100	NA	8607	RUVBL1	-0.403558	0.277412533760071
LINCSCP_100	NA	8624	PSMG1	1.65671	0.113121092319489
LINCSCP_100	NA	8678	BECN1	1.9	0.00622564274817705
LINCSCP_100	NA	8720	MBTPS1	1.66664	0.0309644192457199
LINCSCP_100	NA	8726	EED	0.856936	0.0508946180343628
LINCSCP_100	NA	8727	CTNNAL1	1.621	0.00922435149550438
LINCSCP_100	NA	8731	RNMT	1.71486	0.00638712383806705
LINCSCP_100	NA	8800	PEX11A	2.3777	0.00715758092701435
LINCSCP_100	NA	8804	CREG1	-1.89697	0.03396175801754
LINCSCP_100	NA	8821	INPP4B	-1.42309	0.035441916435957
LINCSCP_100	NA	8826	IQGAP1	3.44732	0.00531838182359934
LINCSCP_100	NA	8835	SOCS2	1.01653	0.0308122802525759
LINCSCP_100	NA	8837	CFLAR	-0.733007	0.116947419941425
LINCSCP_100	NA	8851	CDK5R1	3.29248	0.00357038248330355
LINCSCP_100	NA	8869	ST3GAL5	3.16408	0.00827410444617271
LINCSCP_100	NA	8870	IER3	1.51945	0.0228422228246927
LINCSCP_100	NA	8878	SQSTM1	0.396045	0.284385025501251
LINCSCP_100	NA	8884	SLC5A6	-0.00614488	0.99712997674942
LINCSCP_100	NA	8895	CPNE3	0.580028	0.15533259510994
LINCSCP_100	NA	8900	CCNA1	-0.96449	0.031361062079668
LINCSCP_100	NA	8914	TIMELESS	2.00656	0.00489714974537492
LINCSCP_100	NA	8974	P4HA2	2.97286	0.0422051176428795
LINCSCP_100	NA	8985	PLOD3	0.39972	0.462490916252136
LINCSCP_100	NA	8996	NOL3	-2.62466	0.00981168076395988
LINCSCP_100	NA	9016	SLC25A14	3.92619	0.014323502779007
LINCSCP_100	NA	9019	MPZL1	1.36759	0.0136024635285139
LINCSCP_100	NA	9053	MAP7	2.09594	0.0162559244781733
LINCSCP_100	NA	9093	DNAJA3	0.47945	0.336383700370789
LINCSCP_100	NA	9097	USP14	2.03963	0.0130719048902392
LINCSCP_100	NA	9112	MTA1	-1.69796	0.00614926964044571
LINCSCP_100	NA	9124	PDLIM1	-0.368452	0.790539026260376
LINCSCP_100	NA	9126	SMC3	2.03658	0.0227589104324579
LINCSCP_100	NA	9128	PRPF4	1.70624	0.0134979793801904
LINCSCP_100	NA	9133	CCNB2	0.469957	0.211252093315125
LINCSCP_100	NA	9134	CCNE2	-6.00931	0.000559400883503258
LINCSCP_100	NA	9143	SYNGR3	0.293127	0.517884969711304
LINCSCP_100	NA	9170	LPAR2	1.43645	0.152892008423805
LINCSCP_100	NA	9181	ARHGEF2	-0.04966	0.884427845478058
LINCSCP_100	NA	9183	ZW10	-3.8234	0.0581937842071056
LINCSCP_100	NA	9212	AURKB	1.40331	0.0256434939801693
LINCSCP_100	NA	9217	VAPB	4.25442	0.00100129307247698
LINCSCP_100	NA	9221	NOLC1	1.88001	0.0139430202543736
LINCSCP_100	NA	9246	UBE2L6	1.10821	0.0248796176165342
LINCSCP_100	NA	9261	MAPKAPK2	-4.01025	0.00293800933286548
LINCSCP_100	NA	9267	CYTH1	2.48075	0.04172483086586
LINCSCP_100	NA	9270	ITGB1BP1	1.72066	0.161817863583565
LINCSCP_100	NA	9275	BCL7B	3.63666	0.0240478906780481
LINCSCP_100	NA	9276	COPB2	1.76103	0.0149812288582325
LINCSCP_100	NA	9289	ADGRG1	-2.98936	0.00610543601214886
LINCSCP_100	NA	9375	TM9SF2	1.29719	0.0138122299686074
LINCSCP_100	NA	9448	MAP4K4	-0.142082	0.727967977523804
LINCSCP_100	NA	9455	HOMER2	-1.2681	0.0394227281212807
LINCSCP_100	NA	9467	SH3BP5	1.81689	0.022517079487443
LINCSCP_100	NA	9488	PIGB	-2.63852	0.00451201386749744
LINCSCP_100	NA	9491	PSMF1	0.855348	0.0645933225750923
LINCSCP_100	NA	9517	SPTLC2	1.02443	0.287078201770782
LINCSCP_100	NA	9519	TBPL1	0.800322	0.0579708777368069
LINCSCP_100	NA	9531	BAG3	-4.32081	0.213100239634514
LINCSCP_100	NA	9533	POLR1C	2.96725	0.00935189425945282
LINCSCP_100	NA	9552	SPAG7	0.968526	0.27603554725647
LINCSCP_100	NA	9637	FEZ2	-1.28377	0.078959658741951
LINCSCP_100	NA	9641	IKBKE	3.80202	0.00263836397789419
LINCSCP_100	NA	9650	MTFR1	1.62285	0.0137889478355646
LINCSCP_100	NA	9653	HS2ST1	1.82598	0.0174288097769022
LINCSCP_100	NA	9670	IPO13	-3.28341	0.00600874330848455
LINCSCP_100	NA	9686	VGLL4	-2.79089	0.0165972411632538
LINCSCP_100	NA	9688	NUP93	1.87939	0.0838052406907082
LINCSCP_100	NA	9690	UBE3C	-2.58726	0.0140060652047396
LINCSCP_100	NA	9695	EDEM1	-0.150985	0.837315499782562
LINCSCP_100	NA	9697	TRAM2	1.77317	0.00494755106046796
LINCSCP_100	NA	9702	CEP57	-2.01204	0.00997138116508722
LINCSCP_100	NA	9703	KIAA0100	2.3802	0.0239286627620459
LINCSCP_100	NA	9709	HERPUD1	1.31726	0.0321382395923138
LINCSCP_100	NA	9710	KIAA0355	0.417705	0.257094502449036
LINCSCP_100	NA	9712	USP6NL	1.93569	0.063957080245018
LINCSCP_100	NA	9738	CCP110	-1.14661	0.0225438922643661
LINCSCP_100	NA	9761	MLEC	1.11915	0.0279729459434748
LINCSCP_100	NA	9797	TATDN2	1.94555	0.0289128161966801
LINCSCP_100	NA	9801	MRPL19	1.99335	0.00721124652773142
LINCSCP_100	NA	9805	SCRN1	0.918093	0.0362471677362919
LINCSCP_100	NA	9813	EFCAB14	1.49348	0.00885868258774281
LINCSCP_100	NA	9817	KEAP1	0.855123	0.0761096104979515
LINCSCP_100	NA	9833	MELK	-2.47403	0.203579485416412
LINCSCP_100	NA	9842	PLEKHM1	-1.30311	0.013863361440599
LINCSCP_100	NA	9847	C2CD5	0.435146	0.241432726383209
LINCSCP_100	NA	9851	KIAA0753	2.46853	0.0110359657555819
LINCSCP_100	NA	9854	C2CD2L	3.77555	0.00112885585986078
LINCSCP_100	NA	9868	TOMM70A	1.65119	0.0166674721986055
LINCSCP_100	NA	9897	KIAA0196	0.335983	0.34279727935791
LINCSCP_100	NA	9903	KLHL21	-1.17114	0.0266385022550821
LINCSCP_100	NA	9915	ARNT2	0.171628	0.652587473392487
LINCSCP_100	NA	9917	FAM20B	4.23733	0.00423460407182574
LINCSCP_100	NA	9918	NCAPD2	1.95102	0.00584949646145105
LINCSCP_100	NA	9924	PAN2	-1.44021	0.649985074996948
LINCSCP_100	NA	9926	LPGAT1	1.50027	0.0131191397085786
LINCSCP_100	NA	9928	KIF14	-5.7653	0.00179150607436895
LINCSCP_100	NA	9943	OXSR1	1.14304	0.0313462167978287
LINCSCP_100	NA	9961	MVP	0.416756	0.366173535585403
LINCSCP_100	NA	9988	DMTF1	-1.07651	0.04710578545928
LINCSCP_100	NA	10007	GNPDA1	2.0001	0.00898885820060968
LINCSCP_100	NA	10013	HDAC6	2.10627	0.00664887623861432
LINCSCP_100	NA	10038	PARP2	1.68202	0.0136018376797438
LINCSCP_100	NA	10046	MAMLD1	2.91913	0.0117479609325528
LINCSCP_100	NA	10049	DNAJB6	-4.48242	0.00929503049701452
LINCSCP_100	NA	10051	SMC4	1.36577	0.0374658852815628
LINCSCP_100	NA	10057	ABCC5	3.01349	0.00747949304059148
LINCSCP_100	NA	10058	ABCB6	0.951182	0.0412445738911629
LINCSCP_100	NA	10059	DNM1L	0.0380468	0.957625865936279
LINCSCP_100	NA	10099	TSPAN3	0.826817	0.0709979236125946
LINCSCP_100	NA	10112	KIF20A	-4.92767	0.151931092143059
LINCSCP_100	NA	10123	ARL4C	2.03141	0.00894531793892384
LINCSCP_100	NA	10131	TRAP1	2.54812	0.00448015984147787
LINCSCP_100	NA	10146	G3BP1	-9.70857	0.000844930706080049
LINCSCP_100	NA	10150	MBNL2	-3.48234	0.256361871957779
LINCSCP_100	NA	10153	CEBPZ	-1.8052	0.0127274468541145
LINCSCP_100	NA	10165	SLC25A13	-1.90934	0.00815470423549414
LINCSCP_100	NA	10174	SORBS3	-2.78661	0.345392763614655
LINCSCP_100	NA	10180	RBM6	1.86101	0.00892937183380127
LINCSCP_100	NA	10190	TXNDC9	1.08276	0.0951739624142647
LINCSCP_100	NA	10206	TRIM13	4.36106	0.0152125200256705
LINCSCP_100	NA	10221	TRIB1	1.85544	0.0649571642279625
LINCSCP_100	NA	10227	MFSD10	-3.05928	0.00672926614060998
LINCSCP_100	NA	10237	SLC35B1	1.67349	0.0190542284399271
LINCSCP_100	NA	10245	TIMM17B	-3.94507	0.0014845235273242
LINCSCP_100	NA	10270	AKAP8	-2.60759	0.00500181503593922
LINCSCP_100	NA	10273	STUB1	-4.31198	0.214800879359245
LINCSCP_100	NA	10276	NET1	1.18344	0.0209047421813011
LINCSCP_100	NA	10285	SMNDC1	2.03537	0.0104681402444839
LINCSCP_100	NA	10298	PAK4	1.42035	0.0181246530264616
LINCSCP_100	NA	10318	TNIP1	-9.65695	0.00144455570261925
LINCSCP_100	NA	10320	IKZF1	4.49698	0.0674466118216515
LINCSCP_100	NA	10329	TMEM5	-2.56395	0.019375117495656
LINCSCP_100	NA	10362	HMG20B	-4.98475	0.144812449812889
LINCSCP_100	NA	10398	MYL9	2.42275	0.00453076139092445
LINCSCP_100	NA	10434	LYPLA1	-9.71956	0.000745959463529289
LINCSCP_100	NA	10450	PPIE	0.0540606	0.857576072216034
LINCSCP_100	NA	10451	VAV3	2.02056	0.0485920682549477
LINCSCP_100	NA	10489	LRRC41	1.30974	0.0328677222132683
LINCSCP_100	NA	10491	CRTAP	1.21322	0.0389485694468021
LINCSCP_100	NA	10493	VAT1	-3.803	0.256438732147217
LINCSCP_100	NA	10494	STK25	0.722545	0.0900266990065575
LINCSCP_100	NA	10513	APPBP2	1.66272	0.0385582447052002
LINCSCP_100	NA	10523	CHERP	0.0173492	0.96705174446106
LINCSCP_100	NA	10525	HYOU1	-2.17023	0.0072725573554635
LINCSCP_100	NA	10557	RPP38	0.743156	0.184448629617691
LINCSCP_100	NA	10559	SLC35A1	1.18528	0.0469767712056637
LINCSCP_100	NA	10589	DRAP1	0.101176	0.934149742126465
LINCSCP_100	NA	10606	PAICS	1.94814	0.0215660855174065
LINCSCP_100	NA	10610	ST6GALNAC2	2.39523	0.00922218803316355
LINCSCP_100	NA	10617	STAMBP	1.28999	0.0545845814049244
LINCSCP_100	NA	10641	NPRL2	-9.28948	0.00122845894657075
LINCSCP_100	NA	10644	IGF2BP2	1.45508	0.0201188996434212
LINCSCP_100	NA	10652	YKT6	2.49216	0.00385587615892291
LINCSCP_100	NA	10668	CGRRF1	1.37256	0.0317425094544888
LINCSCP_100	NA	10670	RRAGA	0.707091	0.0744143724441528
LINCSCP_100	NA	10681	GNB5	4.20247	0.00190205930266529
LINCSCP_100	NA	10682	EBP	2.13202	0.0211747419089079
LINCSCP_100	NA	10695	CNPY3	2.28673	0.0399812012910843
LINCSCP_100	NA	10730	YME1L1	-3.90251	0.305082648992538
LINCSCP_100	NA	10732	TCFL5	0.00586746	0.986430287361145
LINCSCP_100	NA	10765	KDM5B	0.958667	0.23231241106987
LINCSCP_100	NA	10775	POP4	1.96595	0.0043511358089745
LINCSCP_100	NA	10776	ARPP19	1.11055	0.0349733382463455
LINCSCP_100	NA	10782	ZNF274	1.80692	0.0110281687229872
LINCSCP_100	NA	10797	MTHFD2	0.823138	0.0815132036805153
LINCSCP_100	NA	10810	WASF3	-1.8475	0.00440458068624139
LINCSCP_100	NA	10813	UTP14A	-9.69974	0.000931285496335477
LINCSCP_100	NA	10818	FRS2	-0.800138	0.12717641890049
LINCSCP_100	NA	10845	CLPX	-0.466194	0.457211941480637
LINCSCP_100	NA	10857	PGRMC1	1.46457	0.0514005832374096
LINCSCP_100	NA	10892	MALT1	3.84292	0.00122874067164958
LINCSCP_100	NA	10898	CPSF4	0.941174	0.0403989031910896
LINCSCP_100	NA	10904	BLCAP	0.652799	0.103767067193985
LINCSCP_100	NA	10915	TCERG1	1.84277	0.0770551785826683
LINCSCP_100	NA	10921	RNPS1	-4.41384	0.00742803374305367
LINCSCP_100	NA	10953	TOMM34	2.04024	0.0253263879567385
LINCSCP_100	NA	10954	PDIA5	0.77346	0.061613742262125
LINCSCP_100	NA	10962	MLLT11	-2.2299	0.0566505379974842
LINCSCP_100	NA	10969	EBNA1BP2	0.446582	0.384352087974548
LINCSCP_100	NA	10972	TMED10	1.38987	0.0240439120680094
LINCSCP_100	NA	10973	ASCC3	2.86129	0.0117802806198597
LINCSCP_100	NA	11000	SLC27A3	0.549406	0.251728564500809
LINCSCP_100	NA	11004	KIF2C	1.45306	0.0289110243320465
LINCSCP_100	NA	11007	CCDC85B	1.58088	0.0312729589641094
LINCSCP_100	NA	11011	TLK2	-3.7152	0.31160107254982
LINCSCP_100	NA	11014	KDELR2	1.74331	0.0175349041819572
LINCSCP_100	NA	11031	RAB31	2.91575	0.00299545284360647
LINCSCP_100	NA	11041	B4GAT1	1.83683	0.00629509752616286
LINCSCP_100	NA	11044	PAPD7	-0.427834	0.313684582710266
LINCSCP_100	NA	11065	UBE2C	0.29486	0.468666583299637
LINCSCP_100	NA	11072	DUSP14	1.43177	0.0108432332053781
LINCSCP_100	NA	11073	TOPBP1	1.42829	0.078198179602623
LINCSCP_100	NA	11098	PRSS23	0.630457	0.157557457685471
LINCSCP_100	NA	11137	PWP1	-4.78236	0.169644489884377
LINCSCP_100	NA	11142	PKIG	-3.35961	0.0262472424656153
LINCSCP_100	NA	11151	CORO1A	-2.44285	0.0130170322954655
LINCSCP_100	NA	11157	LSM6	1.56952	0.0078805647790432
LINCSCP_100	NA	11168	PSIP1	-4.34829	0.209002062678337
LINCSCP_100	NA	11182	SLC2A6	1.31798	0.128768056631088
LINCSCP_100	NA	11188	NISCH	2.45711	0.00575635489076376
LINCSCP_100	NA	11200	CHEK2	1.48122	0.0294549558311701
LINCSCP_100	NA	11230	PRAF2	2.15797	0.012987851165235
LINCSCP_100	NA	11232	POLG2	1.99102	0.00635519390925765
LINCSCP_100	NA	11261	CHP1	3.19647	0.0113703822717071
LINCSCP_100	NA	11284	PNKP	0.710402	0.128330081701279
LINCSCP_100	NA	11319	ECD	1.61233	0.0471816547214985
LINCSCP_100	NA	11325	DDX42	1.92578	0.0233376007527113
LINCSCP_100	NA	11344	TWF2	1.44142	0.0484287887811661
LINCSCP_100	NA	22794	CASC3	1.57079	0.0098365331068635
LINCSCP_100	NA	22796	COG2	-4.19595	0.208330720663071
LINCSCP_100	NA	22809	ATF5	-0.0204315	0.980884850025177
LINCSCP_100	NA	22823	MTF2	-2.13669	0.00774142611771822
LINCSCP_100	NA	22827	PUF60	-1.0679	0.239397883415222
LINCSCP_100	NA	22841	RAB11FIP2	1.95775	0.0458882972598076
LINCSCP_100	NA	22883	CLSTN1	1.16511	0.0212452095001936
LINCSCP_100	NA	22887	FOXJ3	-1.58476	0.0900942385196686
LINCSCP_100	NA	22889	KIAA0907	1.15791	0.0617033019661903
LINCSCP_100	NA	22905	EPN2	-0.422093	0.780504167079926
LINCSCP_100	NA	22908	SACM1L	0.895551	0.0724286139011383
LINCSCP_100	NA	22926	ATF6	2.16386	0.006116165779531
LINCSCP_100	NA	22934	RPIA	-2.32352	0.270445853471756
LINCSCP_100	NA	23011	RAB21	-1.45672	0.0125924022868276
LINCSCP_100	NA	23013	SPEN	-1.69856	0.0416870005428791
LINCSCP_100	NA	23014	FBXO21	-0.461394	0.186284840106964
LINCSCP_100	NA	23029	RBM34	-4.559	0.199766159057617
LINCSCP_100	NA	23038	WDTC1	-0.233596	0.499076128005981
LINCSCP_100	NA	23039	XPO7	-3.41369	0.0372364372014999
LINCSCP_100	NA	23061	TBC1D9B	-2.56459	0.0204056650400162
LINCSCP_100	NA	23076	RRP1B	1.67311	0.00957950670272112
LINCSCP_100	NA	23077	MYCBP2	2.97538	0.00314656947739422
LINCSCP_100	NA	23097	CDK19	3.56999	0.00599796557798982
LINCSCP_100	NA	23131	GPATCH8	3.87861	0.00923564098775387
LINCSCP_100	NA	23139	MAST2	1.37532	0.162229970097542
LINCSCP_100	NA	23142	DCUN1D4	-2.52191	0.0207987818866968
LINCSCP_100	NA	23149	FCHO1	-1.15103	0.408164888620377
LINCSCP_100	NA	23161	SNX13	3.22212	0.00455728359520435
LINCSCP_100	NA	23200	ATP11B	-0.363551	0.716968894004822
LINCSCP_100	NA	23210	JMJD6	0.984166	0.0513459369540215
LINCSCP_100	NA	23212	RRS1	-0.58951	0.275914907455444
LINCSCP_100	NA	23223	RRP12	-9.6898	0.00103603082243353
LINCSCP_100	NA	23224	SYNE2	3.47574	0.0312354061752558
LINCSCP_100	NA	23244	PDS5A	2.35943	0.00798317324370146
LINCSCP_100	NA	23271	CAMSAP2	0.604569	0.18612477183342
LINCSCP_100	NA	23300	ATMIN	2.11608	0.00373584008775651
LINCSCP_100	NA	23321	TRIM2	-1.9671	0.017495920881629
LINCSCP_100	NA	23325	KIAA1033	0.416715	0.531894624233246
LINCSCP_100	NA	23326	USP22	0.282745	0.532230734825134
LINCSCP_100	NA	23335	WDR7	3.00061	0.00756093766540289
LINCSCP_100	NA	23338	JADE2	1.71774	0.0298527888953686
LINCSCP_100	NA	23365	ARHGEF12	0.720875	0.147376462817192
LINCSCP_100	NA	23368	PPP1R13B	0.592111	0.24788025021553
LINCSCP_100	NA	23378	RRP8	3.32111	0.00223137787543237
LINCSCP_100	NA	23386	NUDCD3	1.00927	0.179921507835388
LINCSCP_100	NA	23410	SIRT3	1.04739	0.0515883602201939
LINCSCP_100	NA	23443	SLC35A3	0.263215	0.500677704811096
LINCSCP_100	NA	23463	ICMT	1.4883	0.0195040926337242
LINCSCP_100	NA	23499	MACF1	-4.21026	0.0109992856159806
LINCSCP_100	NA	23512	SUZ12	0.0891134	0.890826106071472
LINCSCP_100	NA	23522	KAT6B	-0.601916	0.164559260010719
LINCSCP_100	NA	23530	NNT	2.25128	0.00589914387091994
LINCSCP_100	NA	23536	ADAT1	-0.528632	0.651299178600311
LINCSCP_100	NA	23585	TMEM50A	1.67778	0.0442141853272915
LINCSCP_100	NA	23588	KLHDC2	0.176742	0.681021690368652
LINCSCP_100	NA	23597	ACOT9	0.376894	0.766791522502899
LINCSCP_100	NA	23635	SSBP2	4.65735	0.00215563410893083
LINCSCP_100	NA	23636	NUP62	0.917764	0.0646093562245369
LINCSCP_100	NA	23647	ARFIP2	1.77471	0.00612504268065095
LINCSCP_100	NA	23658	LSM5	1.35374	0.0372702367603779
LINCSCP_100	NA	23659	PLA2G15	1.99376	0.00568267377093434
LINCSCP_100	NA	23670	TMEM2	0.307913	0.399558961391449
LINCSCP_100	NA	24149	ZNF318	1.99416	0.0144749181345105
LINCSCP_100	NA	25793	FBXO7	2.79171	0.00192742643412203
LINCSCP_100	NA	25803	SPDEF	0.75555	0.646061718463898
LINCSCP_100	NA	25805	BAMBI	0.510067	0.263764262199402
LINCSCP_100	NA	25825	BACE2	-4.02841	0.261481583118439
LINCSCP_100	NA	25839	COG4	1.88766	0.0162965711206198
LINCSCP_100	NA	25874	MPC2	1.49387	0.0328045785427094
LINCSCP_100	NA	25932	CLIC4	0.663973	0.394867926836014
LINCSCP_100	NA	25966	C2CD2	2.46063	0.0641693770885468
LINCSCP_100	NA	25976	TIPARP	-4.75089	0.174242526292801
LINCSCP_100	NA	25987	TSKU	2.43041	0.104790851473808
LINCSCP_100	NA	26001	RNF167	-1.06348	0.30572983622551
LINCSCP_100	NA	26020	LRP10	1.14711	0.0215145293623209
LINCSCP_100	NA	26036	ZNF451	2.95955	0.0191941447556019
LINCSCP_100	NA	26054	SENP6	1.75272	0.0255915485322475
LINCSCP_100	NA	26064	RAI14	-5.96002	0.0586240291595459
LINCSCP_100	NA	26128	KIF1BP	2.69735	0.00576759036630392
LINCSCP_100	NA	26136	TES	-4.87471	0.158042088150978
LINCSCP_100	NA	26227	PHGDH	1.23731	0.0157089456915855
LINCSCP_100	NA	26292	MYCBP	0.465367	0.400157749652863
LINCSCP_100	NA	26511	CHIC2	0.0123661	0.983678758144379
LINCSCP_100	NA	26520	TIMM9	-4.59158	0.175231650471687
LINCSCP_100	NA	26993	AKAP8L	-0.216698	0.832563877105713
LINCSCP_100	NA	27032	ATP2C1	2.0486	0.0116267250850797
LINCSCP_100	NA	27095	TRAPPC3	-3.40724	0.368676364421844
LINCSCP_100	NA	27109	ATP5S	-1.33528	0.0170965660363436
LINCSCP_100	NA	27242	TNFRSF21	-0.407026	0.32605704665184
LINCSCP_100	NA	27244	SESN1	5.97547	0.0601472146809101
LINCSCP_100	NA	27336	HTATSF1	0.519571	0.4029141664505
LINCSCP_100	NA	27346	TMEM97	2.1563	0.00343408365733922
LINCSCP_100	NA	28969	BZW2	-1.97259	0.0102113001048565
LINCSCP_100	NA	29082	CHMP4A	-9.65438	0.00148088298738003
LINCSCP_100	NA	29083	GTPBP8	0.582261	0.136590659618378
LINCSCP_100	NA	29103	DNAJC15	-2.23669	0.0676115527749062
LINCSCP_100	NA	29763	PACSIN3	-0.844708	0.114350937306881
LINCSCP_100	NA	29890	RBM15B	2.42182	0.00703893229365349
LINCSCP_100	NA	29911	HOOK2	5.75889	0.0721025839447975
LINCSCP_100	NA	29916	SNX11	0.99751	0.31574085354805
LINCSCP_100	NA	29928	TIMM22	-2.3636	0.0110101392492652
LINCSCP_100	NA	29937	NENF	1.96042	0.0126862796023488
LINCSCP_100	NA	29978	UBQLN2	-2.33039	0.00325334118679166
LINCSCP_100	NA	30001	ERO1L	2.88069	0.00728403497487307
LINCSCP_100	NA	30836	DNTTIP2	1.46233	0.0232978221029043
LINCSCP_100	NA	30849	PIK3R4	1.30644	0.0191239267587662
LINCSCP_100	NA	50810	HDGFRP3	2.19318	0.0089523009955883
LINCSCP_100	NA	50813	COPS7A	-5.73029	0.00503682671114802
LINCSCP_100	NA	50814	NSDHL	-2.2397	0.00537580717355013
LINCSCP_100	NA	50865	HEBP1	1.56518	0.0293961111456156
LINCSCP_100	NA	51001	MTERF3	0.546798	0.272797703742981
LINCSCP_100	NA	51005	AMDHD2	2.65672	0.0256136879324913
LINCSCP_100	NA	51015	ISOC1	-5.77046	0.0294866319745779
LINCSCP_100	NA	51021	MRPS16	0.388053	0.260290890932083
LINCSCP_100	NA	51024	FIS1	0.355691	0.301384747028351
LINCSCP_100	NA	51026	GOLT1B	1.11171	0.0994409248232841
LINCSCP_100	NA	51031	GLOD4	1.93828	0.0254295561462641
LINCSCP_100	NA	51053	GMNN	0.0115295	0.977118134498596
LINCSCP_100	NA	51056	LAP3	-9.7195	0.000746497185900807
LINCSCP_100	NA	51070	NOSIP	-3.44553	0.36065736413002
LINCSCP_100	NA	51071	DERA	-3.29094	0.00291680777445436
LINCSCP_100	NA	51097	SCCPDH	2.36594	0.019604217261076
LINCSCP_100	NA	51116	MRPS2	0.71769	0.169888079166412
LINCSCP_100	NA	51160	VPS28	-4.34467	0.231316938996315
LINCSCP_100	NA	51170	HSD17B11	1.14834	0.0353925228118896
LINCSCP_100	NA	51203	NUSAP1	-4.78401	0.169717520475388
LINCSCP_100	NA	51282	SCAND1	-4.11675	0.267358779907227
LINCSCP_100	NA	51293	CD320	0.0733359	0.813782036304474
LINCSCP_100	NA	51335	NGRN	1.71966	0.308088958263397
LINCSCP_100	NA	51375	SNX7	-2.865	0.0111132524907589
LINCSCP_100	NA	51382	ATP6V1D	0.611255	0.246118232607841
LINCSCP_100	NA	51385	ZNF589	-4.20073	0.00217717699706554
LINCSCP_100	NA	51422	PRKAG2	2.89902	0.00458082556724548
LINCSCP_100	NA	51465	UBE2J1	-2.12465	0.00304607348516583
LINCSCP_100	NA	51466	EVL	-1.1391	0.0321109294891357
LINCSCP_100	NA	51495	HACD3	0.823459	0.110713593661785
LINCSCP_100	NA	51569	UFM1	-3.89162	0.281233787536621
LINCSCP_100	NA	51599	LSR	1.81096	0.0140933720394969
LINCSCP_100	NA	51635	DHRS7	1.28357	0.102570004761219
LINCSCP_100	NA	51719	CAB39	-2.88104	0.0105602666735649
LINCSCP_100	NA	51742	ARID4B	-1.71662	0.0170029867440462
LINCSCP_100	NA	53343	NUDT9	2.49024	0.0140040460973978
LINCSCP_100	NA	54205	CYCS	1.3655	0.0789083763957024
LINCSCP_100	NA	54386	TERF2IP	1.55214	0.0253847278654575
LINCSCP_100	NA	54438	GFOD1	2.64433	0.0125753441825509
LINCSCP_100	NA	54442	KCTD5	-2.1356	0.0378023870289326
LINCSCP_100	NA	54499	TMCO1	1.79625	0.00999431870877743
LINCSCP_100	NA	54505	DHX29	1.47418	0.0335989855229855
LINCSCP_100	NA	54512	EXOSC4	-3.92736	0.299141019582748
LINCSCP_100	NA	54541	DDIT4	1.01126	0.0384197160601616
LINCSCP_100	NA	54623	PAF1	1.21585	0.0242380406707525
LINCSCP_100	NA	54681	P4HTM	2.10004	0.00904920138418674
LINCSCP_100	NA	54733	SLC35F2	-2.02052	0.412747234106064
LINCSCP_100	NA	54807	ZNF586	1.74308	0.0283237211406231
LINCSCP_100	NA	54850	FBXL12	-2.44222	0.0041041886433959
LINCSCP_100	NA	54881	TEX10	-9.66827	0.00129245663993061
LINCSCP_100	NA	54915	YTHDF1	-2.17233	0.0561867579817772
LINCSCP_100	NA	54957	TXNL4B	-1.67856	0.0163032058626413
LINCSCP_100	NA	55008	HERC6	2.31071	0.0116481864824891
LINCSCP_100	NA	55011	PIH1D1	-2.57024	0.00456693395972252
LINCSCP_100	NA	55012	PPP2R3C	-3.80707	0.295642465353012
LINCSCP_100	NA	55033	FKBP14	2.67188	0.0042588678188622
LINCSCP_100	NA	55038	CDCA4	-8.12915	0.00163802586030215
LINCSCP_100	NA	55111	PLEKHJ1	1.5892	0.065115749835968
LINCSCP_100	NA	55127	HEATR1	-7.11293	0.0148990303277969
LINCSCP_100	NA	55129	ANO10	1.8279	0.025317145511508
LINCSCP_100	NA	55148	UBR7	-2.82332	0.0269789956510067
LINCSCP_100	NA	55179	FAIM	-2.56263	0.00141007907222956
LINCSCP_100	NA	55256	ADI1	0.780925	0.378472656011581
LINCSCP_100	NA	55324	ABCF3	1.05066	0.0334182903170586
LINCSCP_100	NA	55556	ENOSF1	1.24309	0.0175585485994816
LINCSCP_100	NA	55604	LRRC16A	-1.13203	0.131115972995758
LINCSCP_100	NA	55608	ANKRD10	-0.995297	0.113663636147976
LINCSCP_100	NA	55620	STAP2	1.47593	0.0990332141518593
LINCSCP_100	NA	55699	IARS2	-0.337421	0.423224359750748
LINCSCP_100	NA	55746	NUP133	1.25034	0.0496008805930614
LINCSCP_100	NA	55748	CNDP2	-9.71718	0.000766648328863084
LINCSCP_100	NA	55793	FAM63A	2.52601	0.00507722841575742
LINCSCP_100	NA	55818	KDM3A	-3.946	0.296835511922836
LINCSCP_100	NA	55825	PECR	1.00138	0.499645680189133
LINCSCP_100	NA	55837	EAPP	2.22398	0.0143217919394374
LINCSCP_100	NA	55847	CISD1	1.5878	0.0313158370554447
LINCSCP_100	NA	55893	ZNF395	1.09861	0.0223343018442392
LINCSCP_100	NA	55958	KLHL9	-1.20902	0.432587474584579
LINCSCP_100	NA	56654	NPDC1	-8.36088	0.00106074067298323
LINCSCP_100	NA	56889	TM9SF3	-4.29191	0.00687172263860703
LINCSCP_100	NA	56924	PAK6	-1.57415	0.0501450076699257
LINCSCP_100	NA	56940	DUSP22	-0.835545	0.106365367770195
LINCSCP_100	NA	56997	ADCK3	2.51674	0.00462685385718942
LINCSCP_100	NA	57019	CIAPIN1	-4.23577	0.22579400241375
LINCSCP_100	NA	57048	PLSCR3	-3.43891	0.00698316749185324
LINCSCP_100	NA	57147	SCYL3	-1.03579	0.0292725022882223
LINCSCP_100	NA	57149	LYRM1	3.25622	0.00592288980260491
LINCSCP_100	NA	57178	ZMIZ1	-2.75575	0.00187175790779293
LINCSCP_100	NA	57192	MCOLN1	-0.984529	0.166211515665054
LINCSCP_100	NA	57215	THAP11	2.55126	0.00296800094656646
LINCSCP_100	NA	57406	ABHD6	1.78135	0.0181122701615095
LINCSCP_100	NA	57761	TRIB3	-4.6729	0.166139140725136
LINCSCP_100	NA	57804	POLD4	2.41028	0.00570267951115966
LINCSCP_100	NA	58472	SQRDL	2.12167	0.0550825819373131
LINCSCP_100	NA	58478	ENOPH1	-3.9592	0.0013872254639864
LINCSCP_100	NA	58497	PRUNE	-0.644426	0.529749095439911
LINCSCP_100	NA	58533	SNX6	2.43816	0.00278750713914633
LINCSCP_100	NA	60493	FASTKD5	-1.62359	0.0170279033482075
LINCSCP_100	NA	60528	ELAC2	-0.326344	0.601308047771454
LINCSCP_100	NA	63874	ABHD4	1.63706	0.0156745500862598
LINCSCP_100	NA	63933	MCUR1	-4.30609	0.237460911273956
LINCSCP_100	NA	64080	RBKS	2.60148	0.0503707863390446
LINCSCP_100	NA	64422	ATG3	-0.210931	0.861761450767517
LINCSCP_100	NA	64428	NARFL	-0.767728	0.616017699241638
LINCSCP_100	NA	64429	ZDHHC6	2.23825	0.0102229537442327
LINCSCP_100	NA	64746	ACBD3	0.768912	0.090506412088871
LINCSCP_100	NA	64781	CERK	-1.96536	0.0205323528498411
LINCSCP_100	NA	64943	NT5DC2	-4.89797	0.0287432465702295
LINCSCP_100	NA	65057	ACD	0.653363	0.187838554382324
LINCSCP_100	NA	65123	INTS3	1.72661	0.00755863497033715
LINCSCP_100	NA	66008	TRAK2	0.517917	0.191721141338348
LINCSCP_100	NA	79006	METRN	-1.88546	0.0233102981001139
LINCSCP_100	NA	79071	ELOVL6	2.05854	0.00809182971715927
LINCSCP_100	NA	79073	TMEM109	2.32711	0.00262485537678003
LINCSCP_100	NA	79080	CCDC86	-6.31965	0.035363245755434
LINCSCP_100	NA	79090	TRAPPC6A	1.51828	0.0702080726623535
LINCSCP_100	NA	79094	CHAC1	0.0685529	0.843792319297791
LINCSCP_100	NA	79143	MBOAT7	-2.4439	0.0685237720608711
LINCSCP_100	NA	79170	PRR15L	0.495197	0.228204309940338
LINCSCP_100	NA	79174	CRELD2	-1.21284	0.0209645368158817
LINCSCP_100	NA	79187	FSD1	-4.65059	0.000827204319648445
LINCSCP_100	NA	79600	TCTN1	3.25988	0.00758542818948627
LINCSCP_100	NA	79643	CHMP6	4.05105	0.0236962493509054
LINCSCP_100	NA	79716	NPEPL1	-1.96663	0.00823106430470943
LINCSCP_100	NA	79850	FAM57A	-4.70493	0.0357275456190109
LINCSCP_100	NA	79902	NUP85	-0.126318	0.911396145820618
LINCSCP_100	NA	79921	TCEAL4	1.3978	0.013775615952909
LINCSCP_100	NA	79947	DHDDS	3.40333	0.0197606608271599
LINCSCP_100	NA	79961	DENND2D	5.67551	0.073760986328125
LINCSCP_100	NA	80204	FBXO11	3.4467	0.0101009663194418
LINCSCP_100	NA	80212	CCDC92	1.91358	0.0179896615445614
LINCSCP_100	NA	80347	COASY	2.52245	0.00176810997072607
LINCSCP_100	NA	80349	WDR61	-1.14763	0.0835473090410233
LINCSCP_100	NA	80746	TSEN2	1.45546	0.0499914065003395
LINCSCP_100	NA	80758	PRR7	-1.08937	0.0293479729443789
LINCSCP_100	NA	81533	ITFG1	-2.36619	0.00433230865746737
LINCSCP_100	NA	81544	GDPD5	1.58171	0.0749598816037178
LINCSCP_100	NA	83743	GRWD1	-1.74673	0.0185388494282961
LINCSCP_100	NA	84159	ARID5B	1.81948	0.00636065052822232
LINCSCP_100	NA	84617	TUBB6	0.75241	0.21724659204483
LINCSCP_100	NA	84722	PSRC1	0.0551139	0.854466199874878
LINCSCP_100	NA	84890	ADO	2.43118	0.00406929105520248
LINCSCP_100	NA	85236	HIST1H2BK	3.81053	0.0637094080448151
LINCSCP_100	NA	85377	MICALL1	0.00503012	0.996224939823151
LINCSCP_100	NA	89910	UBE3B	-0.25766	0.644618332386017
LINCSCP_100	NA	90861	HN1L	2.77506	0.00157160626258701
LINCSCP_100	NA	91137	SLC25A46	-3.75385	0.305153161287308
LINCSCP_100	NA	91949	COG7	-5.88521	0.0258376374840736
LINCSCP_100	NA	93487	MAPK1IP1L	2.37729	0.0041723158210516
LINCSCP_100	NA	93594	TBC1D31	-1.70647	0.00856403075158596
LINCSCP_100	NA	94239	H2AFV	-1.54093	0.00885597243905067
LINCSCP_100	NA	116832	RPL39L	3.32598	0.0191255174577236
LINCSCP_100	NA	124583	CANT1	-5.31364	0.110453754663467
LINCSCP_100	NA	147179	WIPF2	1.94626	0.00609229458495975
LINCSCP_100	NA	148022	TICAM1	3.16947	0.0223770476877689
LINCSCP_100	NA	200081	TXLNA	1.94534	0.0100174508988857
LINCSCP_100	NA	200734	SPRED2	-1.91186	0.311971575021744
LINCSCP_100	NA	256364	EML3	1.28139	0.0482717454433441
LINCSCP_100	NA	375346	TMEM110	2.33861	0.00494052469730377
LINCSCP_100	NA	388650	FAM69A	-2.20727	0.0733319818973541
